<?xml version="1.0" encoding="UTF-8"?>
<project-private xmlns="http://www.netbeans.org/ns/project-private/1">
    <editor-bookmarks xmlns="http://www.netbeans.org/ns/editor-bookmarks/2" lastBookmarkId="0"/>
    <open-files xmlns="http://www.netbeans.org/ns/projectui-open-files/2">
        <group>
            <file>file:/E:/OOP-66/POS_Final3/POS_Final(1)/src/Class/Gui.java</file>
            <file>file:/E:/OOP-66/POS_Final3/POS_Final(1)/src/Class/Table.java</file>
            <file>file:/E:/OOP-66/POS_Final3/POS_Final(1)/src/Main/Main.java</file>
        </group>
    </open-files>
</project-private>
